Kwartał,Miasto,Rodzaj ceny,Wartość w zł
I 2007,Białystok,cena ofertowa,4181
I 2007,Białystok,cena transakcyjna,3500
I 2007,Bydgoszcz,cena ofertowa,4501
I 2007,Bydgoszcz,cena transakcyjna,3017
I 2007,Gdańsk,cena ofertowa,6437
I 2007,Gdańsk,cena transakcyjna,5490
I 2007,Gdynia,cena ofertowa,6466
I 2007,Gdynia,cena transakcyjna,5797
I 2007,Katowice,cena ofertowa,4518.37
I 2007,Katowice,cena transakcyjna,3805.67
I 2007,Kielce,cena ofertowa,3381.718956
I 2007,Kielce,cena transakcyjna,3241.415228
I 2007,Kraków,cena ofertowa,8247
I 2007,Kraków,cena transakcyjna,7192
I 2007,Lublin,cena ofertowa,3604
I 2007,Lublin,cena transakcyjna,3309
I 2007,Łódź,cena ofertowa,4927
I 2007,Łódź,cena transakcyjna,4209
I 2007,Olsztyn,cena ofertowa,5149
I 2007,Olsztyn,cena transakcyjna,2960
I 2007,Opole,cena ofertowa,
I 2007,Opole,cena transakcyjna,
I 2007,Poznań,cena ofertowa,7274.746093
I 2007,Poznań,cena transakcyjna,6444.721994
I 2007,Rzeszów,cena ofertowa,3420
I 2007,Rzeszów,cena transakcyjna,3469
I 2007,Szczecin,cena ofertowa,4749.124321
I 2007,Szczecin,cena transakcyjna,3831.400406
I 2007,Warszawa,cena ofertowa,7509
I 2007,Warszawa,cena transakcyjna,7302
I 2007,Wrocław,cena ofertowa,6308.702547
I 2007,Wrocław,cena transakcyjna,7062.85905
I 2007,Zielona Góra,cena ofertowa,2871.939482
I 2007,Zielona Góra,cena transakcyjna,2499.814669
I 2008,Białystok,cena ofertowa,5128
I 2008,Białystok,cena transakcyjna,5160
I 2008,Bydgoszcz,cena ofertowa,4893
I 2008,Bydgoszcz,cena transakcyjna,4540
I 2008,Gdańsk,cena ofertowa,7210
I 2008,Gdańsk,cena transakcyjna,6473
I 2008,Gdynia,cena ofertowa,7737
I 2008,Gdynia,cena transakcyjna,7301
I 2008,Katowice,cena ofertowa,6257.59
I 2008,Katowice,cena transakcyjna,5791.06
I 2008,Kielce,cena ofertowa,4528.613808
I 2008,Kielce,cena transakcyjna,4407.707105
I 2008,Kraków,cena ofertowa,8084
I 2008,Kraków,cena transakcyjna,8000
I 2008,Lublin,cena ofertowa,5011
I 2008,Lublin,cena transakcyjna,4861
I 2008,Łódź,cena ofertowa,5048
I 2008,Łódź,cena transakcyjna,5103
I 2008,Olsztyn,cena ofertowa,4800
I 2008,Olsztyn,cena transakcyjna,4389
I 2008,Opole,cena ofertowa,4919.777757
I 2008,Opole,cena transakcyjna,4252.540184
I 2008,Poznań,cena ofertowa,7479.829109
I 2008,Poznań,cena transakcyjna,7597.508333
I 2008,Rzeszów,cena ofertowa,4188
I 2008,Rzeszów,cena transakcyjna,4163
I 2008,Szczecin,cena ofertowa,5722.909844
I 2008,Szczecin,cena transakcyjna,5361.706544
I 2008,Warszawa,cena ofertowa,9427
I 2008,Warszawa,cena transakcyjna,8535
I 2008,Wrocław,cena ofertowa,5728.236508
I 2008,Wrocław,cena transakcyjna,5268
I 2008,Zielona Góra,cena ofertowa,3965.331613
I 2008,Zielona Góra,cena transakcyjna,4108
I 2009,Białystok,cena ofertowa,5510
I 2009,Białystok,cena transakcyjna,5005
I 2009,Bydgoszcz,cena ofertowa,4940
I 2009,Bydgoszcz,cena transakcyjna,5023
I 2009,Gdańsk,cena ofertowa,6800
I 2009,Gdańsk,cena transakcyjna,5309
I 2009,Gdynia,cena ofertowa,6290
I 2009,Gdynia,cena transakcyjna,6241
I 2009,Katowice,cena ofertowa,6482.04
I 2009,Katowice,cena transakcyjna,4994.94
I 2009,Kielce,cena ofertowa,5110.59355
I 2009,Kielce,cena transakcyjna,4821.624011
I 2009,Kraków,cena ofertowa,7675
I 2009,Kraków,cena transakcyjna,7373
I 2009,Lublin,cena ofertowa,5177
I 2009,Lublin,cena transakcyjna,4746
I 2009,Łódź,cena ofertowa,5308
I 2009,Łódź,cena transakcyjna,4746
I 2009,Olsztyn,cena ofertowa,4650
I 2009,Olsztyn,cena transakcyjna,4419
I 2009,Opole,cena ofertowa,4993.303921
I 2009,Opole,cena transakcyjna,3776.489059
I 2009,Poznań,cena ofertowa,7200.436767
I 2009,Poznań,cena transakcyjna,6364.834917
I 2009,Rzeszów,cena ofertowa,3966
I 2009,Rzeszów,cena transakcyjna,3965
I 2009,Szczecin,cena ofertowa,5310.291624
I 2009,Szczecin,cena transakcyjna,5174.409122
I 2009,Warszawa,cena ofertowa,9880
I 2009,Warszawa,cena transakcyjna,7543
I 2009,Wrocław,cena ofertowa,5014
I 2009,Wrocław,cena transakcyjna,5218
I 2009,Zielona Góra,cena ofertowa,3574.886631
I 2009,Zielona Góra,cena transakcyjna,3646.170596
I 2010,Białystok,cena ofertowa,4791
I 2010,Białystok,cena transakcyjna,4790
I 2010,Bydgoszcz,cena ofertowa,5080
I 2010,Bydgoszcz,cena transakcyjna,4524
I 2010,Gdańsk,cena ofertowa,6077.708581
I 2010,Gdańsk,cena transakcyjna,5839.453403
I 2010,Gdynia,cena ofertowa,6128
I 2010,Gdynia,cena transakcyjna,5495.145018
I 2010,Katowice,cena ofertowa,6467
I 2010,Katowice,cena transakcyjna,5303
I 2010,Kielce,cena ofertowa,4958.341277
I 2010,Kielce,cena transakcyjna,4797.970649
I 2010,Kraków,cena ofertowa,7595
I 2010,Kraków,cena transakcyjna,6985
I 2010,Lublin,cena ofertowa,5113
I 2010,Lublin,cena transakcyjna,4495
I 2010,Łódź,cena ofertowa,5290
I 2010,Łódź,cena transakcyjna,5020
I 2010,Olsztyn,cena ofertowa,5290
I 2010,Olsztyn,cena transakcyjna,4877
I 2010,Opole,cena ofertowa,5275.839975
I 2010,Opole,cena transakcyjna,3626.901751
I 2010,Poznań,cena ofertowa,6685.470922
I 2010,Poznań,cena transakcyjna,6436.406105
I 2010,Rzeszów,cena ofertowa,4159
I 2010,Rzeszów,cena transakcyjna,3837
I 2010,Szczecin,cena ofertowa,5205.82819
I 2010,Szczecin,cena transakcyjna,4916.485959
I 2010,Warszawa,cena ofertowa,9118.68994
I 2010,Warszawa,cena transakcyjna,8173.215446
I 2010,Wrocław,cena ofertowa,6020
I 2010,Wrocław,cena transakcyjna,5628
I 2010,Zielona Góra,cena ofertowa,3554
I 2010,Zielona Góra,cena transakcyjna,3511
I 2011,Białystok,cena ofertowa,4830
I 2011,Białystok,cena transakcyjna,4821
I 2011,Bydgoszcz,cena ofertowa,4764
I 2011,Bydgoszcz,cena transakcyjna,4730
I 2011,Gdańsk,cena ofertowa,5732
I 2011,Gdańsk,cena transakcyjna,5692
I 2011,Gdynia,cena ofertowa,6344
I 2011,Gdynia,cena transakcyjna,6004
I 2011,Katowice,cena ofertowa,6122
I 2011,Katowice,cena transakcyjna,5329
I 2011,Kielce,cena ofertowa,4906.825631
I 2011,Kielce,cena transakcyjna,4790.077971
I 2011,Kraków,cena ofertowa,7517
I 2011,Kraków,cena transakcyjna,6886
I 2011,Lublin,cena ofertowa,4993
I 2011,Lublin,cena transakcyjna,4896
I 2011,Łódź,cena ofertowa,5265
I 2011,Łódź,cena transakcyjna,5066
I 2011,Olsztyn,cena ofertowa,4858
I 2011,Olsztyn,cena transakcyjna,4955
I 2011,Opole,cena ofertowa,4840
I 2011,Opole,cena transakcyjna,4759.13539
I 2011,Poznań,cena ofertowa,6376.381121
I 2011,Poznań,cena transakcyjna,6263.621981
I 2011,Rzeszów,cena ofertowa,4077
I 2011,Rzeszów,cena transakcyjna,4264
I 2011,Szczecin,cena ofertowa,4980
I 2011,Szczecin,cena transakcyjna,4855
I 2011,Warszawa,cena ofertowa,8211
I 2011,Warszawa,cena transakcyjna,8037
I 2011,Wrocław,cena ofertowa,6129
I 2011,Wrocław,cena transakcyjna,5905
I 2011,Zielona Góra,cena ofertowa,3660
I 2011,Zielona Góra,cena transakcyjna,3651
I 2012,Białystok,cena ofertowa,4776
I 2012,Białystok,cena transakcyjna,4577
I 2012,Bydgoszcz,cena ofertowa,4846
I 2012,Bydgoszcz,cena transakcyjna,4520
I 2012,Gdańsk,cena ofertowa,6248
I 2012,Gdańsk,cena transakcyjna,5594
I 2012,Gdynia,cena ofertowa,6879
I 2012,Gdynia,cena transakcyjna,6106
I 2012,Katowice,cena ofertowa,4740.797565
I 2012,Katowice,cena transakcyjna,4678.79281
I 2012,Kielce,cena ofertowa,4982.137276
I 2012,Kielce,cena transakcyjna,4662.529862
I 2012,Kraków,cena ofertowa,7111.896885
I 2012,Kraków,cena transakcyjna,6637.001747
I 2012,Lublin,cena ofertowa,5080
I 2012,Lublin,cena transakcyjna,4935
I 2012,Łódź,cena ofertowa,5176
I 2012,Łódź,cena transakcyjna,4610
I 2012,Olsztyn,cena ofertowa,4944
I 2012,Olsztyn,cena transakcyjna,4663
I 2012,Opole,cena ofertowa,4834.995969
I 2012,Opole,cena transakcyjna,4644.739108
I 2012,Poznań,cena ofertowa,6183.136513
I 2012,Poznań,cena transakcyjna,5931.560452
I 2012,Rzeszów,cena ofertowa,4457
I 2012,Rzeszów,cena transakcyjna,4138
I 2012,Szczecin,cena ofertowa,4951.047056
I 2012,Szczecin,cena transakcyjna,4734.917534
I 2012,Warszawa,cena ofertowa,7879.183433
I 2012,Warszawa,cena transakcyjna,6966.769914
I 2012,Wrocław,cena ofertowa,6406
I 2012,Wrocław,cena transakcyjna,5606
I 2012,Zielona Góra,cena ofertowa,3756
I 2012,Zielona Góra,cena transakcyjna,3750
I 2013,Białystok,cena ofertowa,4965
I 2013,Białystok,cena transakcyjna,4610
I 2013,Bydgoszcz,cena ofertowa,4934
I 2013,Bydgoszcz,cena transakcyjna,4855
I 2013,Gdańsk,cena ofertowa,6452.584084
I 2013,Gdańsk,cena transakcyjna,5291.97437
I 2013,Gdynia,cena ofertowa,6063.427935
I 2013,Gdynia,cena transakcyjna,5732.08353
I 2013,Katowice,cena ofertowa,5526.309706
I 2013,Katowice,cena transakcyjna,5103.59987
I 2013,Kielce,cena ofertowa,5061.172993
I 2013,Kielce,cena transakcyjna,4647.241536
I 2013,Kraków,cena ofertowa,6361.697466
I 2013,Kraków,cena transakcyjna,5926.333424
I 2013,Lublin,cena ofertowa,5126
I 2013,Lublin,cena transakcyjna,4679
I 2013,Łódź,cena ofertowa,4898
I 2013,Łódź,cena transakcyjna,4629
I 2013,Olsztyn,cena ofertowa,4597.988
I 2013,Olsztyn,cena transakcyjna,4404.941
I 2013,Opole,cena ofertowa,4821
I 2013,Opole,cena transakcyjna,4428
I 2013,Poznań,cena ofertowa,6382.25277
I 2013,Poznań,cena transakcyjna,6147.073173
I 2013,Rzeszów,cena ofertowa,4463
I 2013,Rzeszów,cena transakcyjna,4467
I 2013,Szczecin,cena ofertowa,4836.288489
I 2013,Szczecin,cena transakcyjna,4547
I 2013,Warszawa,cena ofertowa,8076.076627
I 2013,Warszawa,cena transakcyjna,6989.640327
I 2013,Wrocław,cena ofertowa,6031
I 2013,Wrocław,cena transakcyjna,5430
I 2013,Zielona Góra,cena ofertowa,3634
I 2013,Zielona Góra,cena transakcyjna,3655
I 2014,Białystok,cena ofertowa,4856
I 2014,Białystok,cena transakcyjna,4501
I 2014,Bydgoszcz,cena ofertowa,5040
I 2014,Bydgoszcz,cena transakcyjna,4601
I 2014,Gdańsk,cena ofertowa,6090.446853
I 2014,Gdańsk,cena transakcyjna,5501.162748
I 2014,Gdynia,cena ofertowa,6943.809937
I 2014,Gdynia,cena transakcyjna,6071.846156
I 2014,Katowice,cena ofertowa,5530.761726
I 2014,Katowice,cena transakcyjna,4531.850262
I 2014,Kielce,cena ofertowa,4851.655445
I 2014,Kielce,cena transakcyjna,4587.361297
I 2014,Kraków,cena ofertowa,6472.42678
I 2014,Kraków,cena transakcyjna,5999.943164
I 2014,Lublin,cena ofertowa,5009
I 2014,Lublin,cena transakcyjna,4643
I 2014,Łódź,cena ofertowa,4808
I 2014,Łódź,cena transakcyjna,4433
I 2014,Olsztyn,cena ofertowa,4891.259
I 2014,Olsztyn,cena transakcyjna,4526.18
I 2014,Opole,cena ofertowa,4457.94735
I 2014,Opole,cena transakcyjna,4370.24557
I 2014,Poznań,cena ofertowa,6669.886702
I 2014,Poznań,cena transakcyjna,6145.525564
I 2014,Rzeszów,cena ofertowa,5123
I 2014,Rzeszów,cena transakcyjna,4515
I 2014,Szczecin,cena ofertowa,4876.507283
I 2014,Szczecin,cena transakcyjna,4704.418737
I 2014,Warszawa,cena ofertowa,8005.404657
I 2014,Warszawa,cena transakcyjna,7298.319227
I 2014,Wrocław,cena ofertowa,6016
I 2014,Wrocław,cena transakcyjna,5668
I 2014,Zielona Góra,cena ofertowa,3693
I 2014,Zielona Góra,cena transakcyjna,3620
I 2015,Białystok,cena ofertowa,4881
I 2015,Białystok,cena transakcyjna,4526
I 2015,Bydgoszcz,cena ofertowa,5200
I 2015,Bydgoszcz,cena transakcyjna,4619
I 2015,Gdańsk,cena ofertowa,6492.288428
I 2015,Gdańsk,cena transakcyjna,5950.924168
I 2015,Gdynia,cena ofertowa,6201.398813
I 2015,Gdynia,cena transakcyjna,5777.734001
I 2015,Katowice,cena ofertowa,5630.474968
I 2015,Katowice,cena transakcyjna,4794.636422
I 2015,Kielce,cena ofertowa,4856.137925
I 2015,Kielce,cena transakcyjna,4736.14258
I 2015,Kraków,cena ofertowa,6564.528925
I 2015,Kraków,cena transakcyjna,5860.678424
I 2015,Lublin,cena ofertowa,5008
I 2015,Lublin,cena transakcyjna,4920
I 2015,Łódź,cena ofertowa,4863
I 2015,Łódź,cena transakcyjna,4578
I 2015,Olsztyn,cena ofertowa,4982.551
I 2015,Olsztyn,cena transakcyjna,4736.605
I 2015,Opole,cena ofertowa,4802.074578
I 2015,Opole,cena transakcyjna,4735.463096
I 2015,Poznań,cena ofertowa,6599.738677
I 2015,Poznań,cena transakcyjna,6306.811928
I 2015,Rzeszów,cena ofertowa,5245
I 2015,Rzeszów,cena transakcyjna,4857
I 2015,Szczecin,cena ofertowa,4956.232455
I 2015,Szczecin,cena transakcyjna,4779.583237
I 2015,Warszawa,cena ofertowa,7839.312623
I 2015,Warszawa,cena transakcyjna,7395.596806
I 2015,Wrocław,cena ofertowa,5964
I 2015,Wrocław,cena transakcyjna,5988
I 2015,Zielona Góra,cena ofertowa,3808
I 2015,Zielona Góra,cena transakcyjna,3647
I 2016,Białystok,cena ofertowa,4850
I 2016,Białystok,cena transakcyjna,4594
I 2016,Bydgoszcz,cena ofertowa,5148
I 2016,Bydgoszcz,cena transakcyjna,4831
I 2016,Gdańsk,cena ofertowa,6635.995494
I 2016,Gdańsk,cena transakcyjna,6451.939954
I 2016,Gdynia,cena ofertowa,6505.886577
I 2016,Gdynia,cena transakcyjna,6208.749622
I 2016,Katowice,cena ofertowa,5423.910366
I 2016,Katowice,cena transakcyjna,5029.888686
I 2016,Kielce,cena ofertowa,4837.772803
I 2016,Kielce,cena transakcyjna,4710.342172
I 2016,Kraków,cena ofertowa,6524
I 2016,Kraków,cena transakcyjna,6239
I 2016,Lublin,cena ofertowa,5050
I 2016,Lublin,cena transakcyjna,4995
I 2016,Łódź,cena ofertowa,4773
I 2016,Łódź,cena transakcyjna,4738
I 2016,Olsztyn,cena ofertowa,4817.429
I 2016,Olsztyn,cena transakcyjna,4752.731
I 2016,Opole,cena ofertowa,4577.015404
I 2016,Opole,cena transakcyjna,4407.48473
I 2016,Poznań,cena ofertowa,6424.69546
I 2016,Poznań,cena transakcyjna,6221.564608
I 2016,Rzeszów,cena ofertowa,4986
I 2016,Rzeszów,cena transakcyjna,4806
I 2016,Szczecin,cena ofertowa,4897.613693
I 2016,Szczecin,cena transakcyjna,4710.184681
I 2016,Warszawa,cena ofertowa,7877.689
I 2016,Warszawa,cena transakcyjna,7639.388136
I 2016,Wrocław,cena ofertowa,6190
I 2016,Wrocław,cena transakcyjna,5993
I 2016,Zielona Góra,cena ofertowa,3873
I 2016,Zielona Góra,cena transakcyjna,3777
I 2017,Białystok,cena ofertowa,4844
I 2017,Białystok,cena transakcyjna,4612
I 2017,Bydgoszcz,cena ofertowa,5289
I 2017,Bydgoszcz,cena transakcyjna,4971
I 2017,Gdańsk,cena ofertowa,6461.539187
I 2017,Gdańsk,cena transakcyjna,6430.393973
I 2017,Gdynia,cena ofertowa,6869.847209
I 2017,Gdynia,cena transakcyjna,6710.381668
I 2017,Katowice,cena ofertowa,5361.973542
I 2017,Katowice,cena transakcyjna,5113.692783
I 2017,Kielce,cena ofertowa,4676.573056
I 2017,Kielce,cena transakcyjna,4614.109961
I 2017,Kraków,cena ofertowa,6618.933651
I 2017,Kraków,cena transakcyjna,6372.824416
I 2017,Lublin,cena ofertowa,5123
I 2017,Lublin,cena transakcyjna,5095
I 2017,Łódź,cena ofertowa,4943
I 2017,Łódź,cena transakcyjna,4792
I 2017,Olsztyn,cena ofertowa,5565.576
I 2017,Olsztyn,cena transakcyjna,4898.89
I 2017,Opole,cena ofertowa,4690.420949
I 2017,Opole,cena transakcyjna,4507.294787
I 2017,Poznań,cena ofertowa,6429.217447
I 2017,Poznań,cena transakcyjna,6263.225774
I 2017,Rzeszów,cena ofertowa,4811
I 2017,Rzeszów,cena transakcyjna,4801
I 2017,Szczecin,cena ofertowa,5030.560205
I 2017,Szczecin,cena transakcyjna,4691.235131
I 2017,Warszawa,cena ofertowa,7706.529322
I 2017,Warszawa,cena transakcyjna,7562.114718
I 2017,Wrocław,cena ofertowa,6460
I 2017,Wrocław,cena transakcyjna,6136
I 2017,Zielona Góra,cena ofertowa,3890
I 2017,Zielona Góra,cena transakcyjna,3851
II 2007,Białystok,cena ofertowa,4725
II 2007,Białystok,cena transakcyjna,4422
II 2007,Bydgoszcz,cena ofertowa,5700
II 2007,Bydgoszcz,cena transakcyjna,4092
II 2007,Gdańsk,cena ofertowa,7999
II 2007,Gdańsk,cena transakcyjna,7137
II 2007,Gdynia,cena ofertowa,8934
II 2007,Gdynia,cena transakcyjna,6992
II 2007,Katowice,cena ofertowa,5180.56
II 2007,Katowice,cena transakcyjna,5093.57
II 2007,Kielce,cena ofertowa,3901.57831
II 2007,Kielce,cena transakcyjna,3017.729302
II 2007,Kraków,cena ofertowa,8129
II 2007,Kraków,cena transakcyjna,7856
II 2007,Lublin,cena ofertowa,4143
II 2007,Lublin,cena transakcyjna,3503
II 2007,Łódź,cena ofertowa,5453
II 2007,Łódź,cena transakcyjna,5403
II 2007,Olsztyn,cena ofertowa,4776
II 2007,Olsztyn,cena transakcyjna,3318
II 2007,Opole,cena ofertowa,
II 2007,Opole,cena transakcyjna,3307.345458
II 2007,Poznań,cena ofertowa,7360.018661
II 2007,Poznań,cena transakcyjna,7242.73
II 2007,Rzeszów,cena ofertowa,4080
II 2007,Rzeszów,cena transakcyjna,3517
II 2007,Szczecin,cena ofertowa,5049.969372
II 2007,Szczecin,cena transakcyjna,4932.747279
II 2007,Warszawa,cena ofertowa,8000
II 2007,Warszawa,cena transakcyjna,7523
II 2007,Wrocław,cena ofertowa,6294
II 2007,Wrocław,cena transakcyjna,5289
II 2007,Zielona Góra,cena ofertowa,4153.489905
II 2007,Zielona Góra,cena transakcyjna,3258.090803
II 2008,Białystok,cena ofertowa,5651
II 2008,Białystok,cena transakcyjna,4973
II 2008,Bydgoszcz,cena ofertowa,5035
II 2008,Bydgoszcz,cena transakcyjna,4982
II 2008,Gdańsk,cena ofertowa,8509
II 2008,Gdańsk,cena transakcyjna,7740
II 2008,Gdynia,cena ofertowa,7897
II 2008,Gdynia,cena transakcyjna,7209
II 2008,Katowice,cena ofertowa,6599
II 2008,Katowice,cena transakcyjna,5113.46
II 2008,Kielce,cena ofertowa,5281.053898
II 2008,Kielce,cena transakcyjna,4879.704696
II 2008,Kraków,cena ofertowa,8034
II 2008,Kraków,cena transakcyjna,8027
II 2008,Lublin,cena ofertowa,5174
II 2008,Lublin,cena transakcyjna,4531
II 2008,Łódź,cena ofertowa,4962
II 2008,Łódź,cena transakcyjna,5041
II 2008,Olsztyn,cena ofertowa,4800
II 2008,Olsztyn,cena transakcyjna,4324
II 2008,Opole,cena ofertowa,4930.91749
II 2008,Opole,cena transakcyjna,3916.841072
II 2008,Poznań,cena ofertowa,7338.029848
II 2008,Poznań,cena transakcyjna,7070.440877
II 2008,Rzeszów,cena ofertowa,4215
II 2008,Rzeszów,cena transakcyjna,4177
II 2008,Szczecin,cena ofertowa,5663.598867
II 2008,Szczecin,cena transakcyjna,5448.251816
II 2008,Warszawa,cena ofertowa,9300
II 2008,Warszawa,cena transakcyjna,8611
II 2008,Wrocław,cena ofertowa,6299.30554
II 2008,Wrocław,cena transakcyjna,5349
II 2008,Zielona Góra,cena ofertowa,3985.643588
II 2008,Zielona Góra,cena transakcyjna,3842.15764
II 2009,Białystok,cena ofertowa,4738
II 2009,Białystok,cena transakcyjna,4976
II 2009,Bydgoszcz,cena ofertowa,4897
II 2009,Bydgoszcz,cena transakcyjna,4835
II 2009,Gdańsk,cena ofertowa,6875
II 2009,Gdańsk,cena transakcyjna,5907
II 2009,Gdynia,cena ofertowa,6084
II 2009,Gdynia,cena transakcyjna,5891
II 2009,Katowice,cena ofertowa,6614.53
II 2009,Katowice,cena transakcyjna,5410.83
II 2009,Kielce,cena ofertowa,5098.609913
II 2009,Kielce,cena transakcyjna,4715.51525
II 2009,Kraków,cena ofertowa,7622
II 2009,Kraków,cena transakcyjna,7169
II 2009,Lublin,cena ofertowa,5079
II 2009,Lublin,cena transakcyjna,4693
II 2009,Łódź,cena ofertowa,4960
II 2009,Łódź,cena transakcyjna,5101
II 2009,Olsztyn,cena ofertowa,4600
II 2009,Olsztyn,cena transakcyjna,4485
II 2009,Opole,cena ofertowa,5015.07998
II 2009,Opole,cena transakcyjna,3471.459193
II 2009,Poznań,cena ofertowa,7232.718582
II 2009,Poznań,cena transakcyjna,6283.931773
II 2009,Rzeszów,cena ofertowa,3787
II 2009,Rzeszów,cena transakcyjna,3849
II 2009,Szczecin,cena ofertowa,5323.809748
II 2009,Szczecin,cena transakcyjna,4958.178652
II 2009,Warszawa,cena ofertowa,9859
II 2009,Warszawa,cena transakcyjna,7461
II 2009,Wrocław,cena ofertowa,5093
II 2009,Wrocław,cena transakcyjna,5095
II 2009,Zielona Góra,cena ofertowa,3538.331694
II 2009,Zielona Góra,cena transakcyjna,3366.423625
II 2010,Białystok,cena ofertowa,4640
II 2010,Białystok,cena transakcyjna,4802
II 2010,Bydgoszcz,cena ofertowa,5026
II 2010,Bydgoszcz,cena transakcyjna,4856
II 2010,Gdańsk,cena ofertowa,5730.007636
II 2010,Gdańsk,cena transakcyjna,5677.562445
II 2010,Gdynia,cena ofertowa,5693
II 2010,Gdynia,cena transakcyjna,5277.712226
II 2010,Katowice,cena ofertowa,6360
II 2010,Katowice,cena transakcyjna,4511
II 2010,Kielce,cena ofertowa,4947.129806
II 2010,Kielce,cena transakcyjna,4829.226865
II 2010,Kraków,cena ofertowa,7559
II 2010,Kraków,cena transakcyjna,6920
II 2010,Lublin,cena ofertowa,5257
II 2010,Lublin,cena transakcyjna,4535
II 2010,Łódź,cena ofertowa,5366
II 2010,Łódź,cena transakcyjna,4846
II 2010,Olsztyn,cena ofertowa,4840
II 2010,Olsztyn,cena transakcyjna,4546
II 2010,Opole,cena ofertowa,5355.092274
II 2010,Opole,cena transakcyjna,4125.44468
II 2010,Poznań,cena ofertowa,6586.992705
II 2010,Poznań,cena transakcyjna,6631.571163
II 2010,Rzeszów,cena ofertowa,4274
II 2010,Rzeszów,cena transakcyjna,4039
II 2010,Szczecin,cena ofertowa,5003.875723
II 2010,Szczecin,cena transakcyjna,4751.18396
II 2010,Warszawa,cena ofertowa,8550.997477
II 2010,Warszawa,cena transakcyjna,7973.892134
II 2010,Wrocław,cena ofertowa,6090
II 2010,Wrocław,cena transakcyjna,5938
II 2010,Zielona Góra,cena ofertowa,3584
II 2010,Zielona Góra,cena transakcyjna,3538
II 2011,Białystok,cena ofertowa,4823
II 2011,Białystok,cena transakcyjna,4782
II 2011,Bydgoszcz,cena ofertowa,4849
II 2011,Bydgoszcz,cena transakcyjna,4635
II 2011,Gdańsk,cena ofertowa,5630
II 2011,Gdańsk,cena transakcyjna,5661
II 2011,Gdynia,cena ofertowa,6541
II 2011,Gdynia,cena transakcyjna,6205
II 2011,Katowice,cena ofertowa,6141
II 2011,Katowice,cena transakcyjna,4417
II 2011,Kielce,cena ofertowa,4953.594515
II 2011,Kielce,cena transakcyjna,4966.786435
II 2011,Kraków,cena ofertowa,7209
II 2011,Kraków,cena transakcyjna,7082
II 2011,Lublin,cena ofertowa,5053
II 2011,Lublin,cena transakcyjna,4827
II 2011,Łódź,cena ofertowa,5002
II 2011,Łódź,cena transakcyjna,5123
II 2011,Olsztyn,cena ofertowa,4938
II 2011,Olsztyn,cena transakcyjna,4963
II 2011,Opole,cena ofertowa,4841
II 2011,Opole,cena transakcyjna,4776
II 2011,Poznań,cena ofertowa,6328.437763
II 2011,Poznań,cena transakcyjna,6535.631145
II 2011,Rzeszów,cena ofertowa,4142
II 2011,Rzeszów,cena transakcyjna,4202
II 2011,Szczecin,cena ofertowa,5049
II 2011,Szczecin,cena transakcyjna,4819
II 2011,Warszawa,cena ofertowa,8396.152133
II 2011,Warszawa,cena transakcyjna,7526.773103
II 2011,Wrocław,cena ofertowa,6281
II 2011,Wrocław,cena transakcyjna,5949
II 2011,Zielona Góra,cena ofertowa,3644
II 2011,Zielona Góra,cena transakcyjna,3671
II 2012,Białystok,cena ofertowa,4731
II 2012,Białystok,cena transakcyjna,4384
II 2012,Bydgoszcz,cena ofertowa,4851
II 2012,Bydgoszcz,cena transakcyjna,4686
II 2012,Gdańsk,cena ofertowa,6357.566713
II 2012,Gdańsk,cena transakcyjna,5604.392771
II 2012,Gdynia,cena ofertowa,6119.040245
II 2012,Gdynia,cena transakcyjna,6603.655005
II 2012,Katowice,cena ofertowa,5351.42082
II 2012,Katowice,cena transakcyjna,4443.222454
II 2012,Kielce,cena ofertowa,5070.749808
II 2012,Kielce,cena transakcyjna,4944.016351
II 2012,Kraków,cena ofertowa,7082.54425
II 2012,Kraków,cena transakcyjna,6616.384553
II 2012,Lublin,cena ofertowa,5134
II 2012,Lublin,cena transakcyjna,4906
II 2012,Łódź,cena ofertowa,4948
II 2012,Łódź,cena transakcyjna,4668
II 2012,Olsztyn,cena ofertowa,4846
II 2012,Olsztyn,cena transakcyjna,4451.95
II 2012,Opole,cena ofertowa,4832.044687
II 2012,Opole,cena transakcyjna,4557.261871
II 2012,Poznań,cena ofertowa,6058.024276
II 2012,Poznań,cena transakcyjna,5880.134897
II 2012,Rzeszów,cena ofertowa,4565
II 2012,Rzeszów,cena transakcyjna,4135
II 2012,Szczecin,cena ofertowa,4973
II 2012,Szczecin,cena transakcyjna,4762
II 2012,Warszawa,cena ofertowa,8122.658551
II 2012,Warszawa,cena transakcyjna,7042.943541
II 2012,Wrocław,cena ofertowa,6467
II 2012,Wrocław,cena transakcyjna,5808
II 2012,Zielona Góra,cena ofertowa,3734
II 2012,Zielona Góra,cena transakcyjna,3602
II 2013,Białystok,cena ofertowa,4936
II 2013,Białystok,cena transakcyjna,4428
II 2013,Bydgoszcz,cena ofertowa,5131
II 2013,Bydgoszcz,cena transakcyjna,4815
II 2013,Gdańsk,cena ofertowa,6403
II 2013,Gdańsk,cena transakcyjna,5682
II 2013,Gdynia,cena ofertowa,6582.399349
II 2013,Gdynia,cena transakcyjna,6082.71525
II 2013,Katowice,cena ofertowa,5816.815822
II 2013,Katowice,cena transakcyjna,5232.116858
II 2013,Kielce,cena ofertowa,5075.341172
II 2013,Kielce,cena transakcyjna,4646.013467
II 2013,Kraków,cena ofertowa,6265.893816
II 2013,Kraków,cena transakcyjna,6298.649024
II 2013,Lublin,cena ofertowa,5014
II 2013,Lublin,cena transakcyjna,4943
II 2013,Łódź,cena ofertowa,4811
II 2013,Łódź,cena transakcyjna,4531
II 2013,Olsztyn,cena ofertowa,4687.716
II 2013,Olsztyn,cena transakcyjna,4502.548
II 2013,Opole,cena ofertowa,4808.917721
II 2013,Opole,cena transakcyjna,4526.406356
II 2013,Poznań,cena ofertowa,6334.477905
II 2013,Poznań,cena transakcyjna,5997.617408
II 2013,Rzeszów,cena ofertowa,5141
II 2013,Rzeszów,cena transakcyjna,4383
II 2013,Szczecin,cena ofertowa,4774.034191
II 2013,Szczecin,cena transakcyjna,4581.208721
II 2013,Warszawa,cena ofertowa,8080.505448
II 2013,Warszawa,cena transakcyjna,7018.096418
II 2013,Wrocław,cena ofertowa,5970
II 2013,Wrocław,cena transakcyjna,5603
II 2013,Zielona Góra,cena ofertowa,3613
II 2013,Zielona Góra,cena transakcyjna,3623
II 2014,Białystok,cena ofertowa,4840
II 2014,Białystok,cena transakcyjna,4488
II 2014,Bydgoszcz,cena ofertowa,4951
II 2014,Bydgoszcz,cena transakcyjna,4808
II 2014,Gdańsk,cena ofertowa,6232
II 2014,Gdańsk,cena transakcyjna,5977
II 2014,Gdynia,cena ofertowa,6341.230549
II 2014,Gdynia,cena transakcyjna,5648.444865
II 2014,Katowice,cena ofertowa,5601.897444
II 2014,Katowice,cena transakcyjna,4973.863138
II 2014,Kielce,cena ofertowa,4878.214654
II 2014,Kielce,cena transakcyjna,4622.853785
II 2014,Kraków,cena ofertowa,6433.618869
II 2014,Kraków,cena transakcyjna,6172.010463
II 2014,Lublin,cena ofertowa,4924
II 2014,Lublin,cena transakcyjna,4917
II 2014,Łódź,cena ofertowa,4936
II 2014,Łódź,cena transakcyjna,4533
II 2014,Olsztyn,cena ofertowa,4961.214
II 2014,Olsztyn,cena transakcyjna,4491.867
II 2014,Opole,cena ofertowa,4563.908051
II 2014,Opole,cena transakcyjna,4390.327026
II 2014,Poznań,cena ofertowa,6560.276163
II 2014,Poznań,cena transakcyjna,6116.460736
II 2014,Rzeszów,cena ofertowa,5027
II 2014,Rzeszów,cena transakcyjna,4828
II 2014,Szczecin,cena ofertowa,4835.684711
II 2014,Szczecin,cena transakcyjna,4691.324897
II 2014,Warszawa,cena ofertowa,7924.025628
II 2014,Warszawa,cena transakcyjna,7315.61455
II 2014,Wrocław,cena ofertowa,6092
II 2014,Wrocław,cena transakcyjna,5860
II 2014,Zielona Góra,cena ofertowa,3784
II 2014,Zielona Góra,cena transakcyjna,3688
II 2015,Białystok,cena ofertowa,4838
II 2015,Białystok,cena transakcyjna,4606
II 2015,Bydgoszcz,cena ofertowa,5092
II 2015,Bydgoszcz,cena transakcyjna,4720
II 2015,Gdańsk,cena ofertowa,6671.324659
II 2015,Gdańsk,cena transakcyjna,5749.018427
II 2015,Gdynia,cena ofertowa,6356.791628
II 2015,Gdynia,cena transakcyjna,6162.270702
II 2015,Katowice,cena ofertowa,5632.311244
II 2015,Katowice,cena transakcyjna,4897.975629
II 2015,Kielce,cena ofertowa,4844.072869
II 2015,Kielce,cena transakcyjna,4506.621021
II 2015,Kraków,cena ofertowa,6720
II 2015,Kraków,cena transakcyjna,5896
II 2015,Lublin,cena ofertowa,4966
II 2015,Lublin,cena transakcyjna,4980
II 2015,Łódź,cena ofertowa,4906
II 2015,Łódź,cena transakcyjna,4687
II 2015,Olsztyn,cena ofertowa,4828.754
II 2015,Olsztyn,cena transakcyjna,4814.856
II 2015,Opole,cena ofertowa,4800.994464
II 2015,Opole,cena transakcyjna,4468.370622
II 2015,Poznań,cena ofertowa,6526.581786
II 2015,Poznań,cena transakcyjna,6209.111959
II 2015,Rzeszów,cena ofertowa,5082
II 2015,Rzeszów,cena transakcyjna,4990
II 2015,Szczecin,cena ofertowa,4824.145637
II 2015,Szczecin,cena transakcyjna,4830.696428
II 2015,Warszawa,cena ofertowa,7872.092154
II 2015,Warszawa,cena transakcyjna,7509.905954
II 2015,Wrocław,cena ofertowa,6077
II 2015,Wrocław,cena transakcyjna,6068
II 2015,Zielona Góra,cena ofertowa,3813
II 2015,Zielona Góra,cena transakcyjna,3743
II 2016,Białystok,cena ofertowa,4832
II 2016,Białystok,cena transakcyjna,4615
II 2016,Bydgoszcz,cena ofertowa,5153
II 2016,Bydgoszcz,cena transakcyjna,4834
II 2016,Gdańsk,cena ofertowa,6581.282976
II 2016,Gdańsk,cena transakcyjna,6185.232954
II 2016,Gdynia,cena ofertowa,6963.510238
II 2016,Gdynia,cena transakcyjna,6391.451833
II 2016,Katowice,cena ofertowa,5372.200362
II 2016,Katowice,cena transakcyjna,4867.994588
II 2016,Kielce,cena ofertowa,4832.588411
II 2016,Kielce,cena transakcyjna,4685.483918
II 2016,Kraków,cena ofertowa,6670.440829
II 2016,Kraków,cena transakcyjna,6342.941735
II 2016,Lublin,cena ofertowa,5095
II 2016,Lublin,cena transakcyjna,5035
II 2016,Łódź,cena ofertowa,4894
II 2016,Łódź,cena transakcyjna,4646
II 2016,Olsztyn,cena ofertowa,4797.93
II 2016,Olsztyn,cena transakcyjna,4748.46
II 2016,Opole,cena ofertowa,4652.670237
II 2016,Opole,cena transakcyjna,4412.554694
II 2016,Poznań,cena ofertowa,6457.748962
II 2016,Poznań,cena transakcyjna,6293.262714
II 2016,Rzeszów,cena ofertowa,5013
II 2016,Rzeszów,cena transakcyjna,4852
II 2016,Szczecin,cena ofertowa,4890.283779
II 2016,Szczecin,cena transakcyjna,5016.436292
II 2016,Warszawa,cena ofertowa,7648.558
II 2016,Warszawa,cena transakcyjna,7582.883
II 2016,Wrocław,cena ofertowa,6201
II 2016,Wrocław,cena transakcyjna,6218
II 2016,Zielona Góra,cena ofertowa,3880
II 2016,Zielona Góra,cena transakcyjna,3781
II 2017,Białystok,cena ofertowa,4874
II 2017,Białystok,cena transakcyjna,4687
II 2017,Bydgoszcz,cena ofertowa,5397
II 2017,Bydgoszcz,cena transakcyjna,4945
II 2017,Gdańsk,cena ofertowa,6775.257954
II 2017,Gdańsk,cena transakcyjna,6500.627809
II 2017,Gdynia,cena ofertowa,6785.406901
II 2017,Gdynia,cena transakcyjna,6732.012446
II 2017,Katowice,cena ofertowa,5383.332366
II 2017,Katowice,cena transakcyjna,5095.3992
II 2017,Kielce,cena ofertowa,4757.157218
II 2017,Kielce,cena transakcyjna,4544.821227
II 2017,Kraków,cena ofertowa,6746.158351
II 2017,Kraków,cena transakcyjna,6583.491292
II 2017,Lublin,cena ofertowa,5210
II 2017,Lublin,cena transakcyjna,4953
II 2017,Łódź,cena ofertowa,5180
II 2017,Łódź,cena transakcyjna,4940
II 2017,Olsztyn,cena ofertowa,5481.031
II 2017,Olsztyn,cena transakcyjna,4997
II 2017,Opole,cena ofertowa,4741.426987
II 2017,Opole,cena transakcyjna,4651.724815
II 2017,Poznań,cena ofertowa,6434.689785
II 2017,Poznań,cena transakcyjna,6260.36721
II 2017,Rzeszów,cena ofertowa,5054
II 2017,Rzeszów,cena transakcyjna,4894
II 2017,Szczecin,cena ofertowa,5693.645639
II 2017,Szczecin,cena transakcyjna,5198.010677
II 2017,Warszawa,cena ofertowa,7739.707327
II 2017,Warszawa,cena transakcyjna,7682.575699
II 2017,Wrocław,cena ofertowa,6461
II 2017,Wrocław,cena transakcyjna,6314
II 2017,Zielona Góra,cena ofertowa,3912
II 2017,Zielona Góra,cena transakcyjna,3861
III 2006,Białystok,cena ofertowa,2727
III 2006,Białystok,cena transakcyjna,3008
III 2006,Bydgoszcz,cena ofertowa,3243
III 2006,Bydgoszcz,cena transakcyjna,2663
III 2006,Gdańsk,cena ofertowa,5004
III 2006,Gdańsk,cena transakcyjna,3494
III 2006,Gdynia,cena ofertowa,4937
III 2006,Gdynia,cena transakcyjna,4467
III 2006,Katowice,cena ofertowa,3986.27
III 2006,Katowice,cena transakcyjna,3522.59
III 2006,Kielce,cena ofertowa,2918.644443
III 2006,Kielce,cena transakcyjna,2834.839339
III 2006,Kraków,cena ofertowa,6021
III 2006,Kraków,cena transakcyjna,6816
III 2006,Lublin,cena ofertowa,3456
III 2006,Lublin,cena transakcyjna,3022
III 2006,Łódź,cena ofertowa,3210
III 2006,Łódź,cena transakcyjna,2860
III 2006,Olsztyn,cena ofertowa,4000
III 2006,Olsztyn,cena transakcyjna,2640
III 2006,Opole,cena ofertowa,3342.843092
III 2006,Opole,cena transakcyjna,3299.151723
III 2006,Poznań,cena ofertowa,4769.933415
III 2006,Poznań,cena transakcyjna,3620.845241
III 2006,Rzeszów,cena ofertowa,2862
III 2006,Rzeszów,cena transakcyjna,2656
III 2006,Szczecin,cena ofertowa,3214.980636
III 2006,Szczecin,cena transakcyjna,3233.916487
III 2006,Warszawa,cena ofertowa,5873
III 2006,Warszawa,cena transakcyjna,5605
III 2006,Wrocław,cena ofertowa,4750
III 2006,Wrocław,cena transakcyjna,3211
III 2006,Zielona Góra,cena ofertowa,2754.275993
III 2006,Zielona Góra,cena transakcyjna,2499.00893
III 2007,Białystok,cena ofertowa,4199
III 2007,Białystok,cena transakcyjna,4651
III 2007,Bydgoszcz,cena ofertowa,4994
III 2007,Bydgoszcz,cena transakcyjna,4466
III 2007,Gdańsk,cena ofertowa,8053
III 2007,Gdańsk,cena transakcyjna,7440
III 2007,Gdynia,cena ofertowa,8114
III 2007,Gdynia,cena transakcyjna,7238
III 2007,Katowice,cena ofertowa,6235.53
III 2007,Katowice,cena transakcyjna,5697.62
III 2007,Kielce,cena ofertowa,4651.056569
III 2007,Kielce,cena transakcyjna,4765.978233
III 2007,Kraków,cena ofertowa,8420
III 2007,Kraków,cena transakcyjna,8060
III 2007,Lublin,cena ofertowa,4645
III 2007,Lublin,cena transakcyjna,4125
III 2007,Łódź,cena ofertowa,5201
III 2007,Łódź,cena transakcyjna,5212
III 2007,Olsztyn,cena ofertowa,4900
III 2007,Olsztyn,cena transakcyjna,3588
III 2007,Opole,cena ofertowa,4784.143691
III 2007,Opole,cena transakcyjna,4253.276317
III 2007,Poznań,cena ofertowa,6837.76137
III 2007,Poznań,cena transakcyjna,5425.817049
III 2007,Rzeszów,cena ofertowa,4069
III 2007,Rzeszów,cena transakcyjna,4124
III 2007,Szczecin,cena ofertowa,5034.720763
III 2007,Szczecin,cena transakcyjna,5121.045287
III 2007,Warszawa,cena ofertowa,8740
III 2007,Warszawa,cena transakcyjna,7879
III 2007,Wrocław,cena ofertowa,6444.287532
III 2007,Wrocław,cena transakcyjna,5835.806577
III 2007,Zielona Góra,cena ofertowa,4207.569891
III 2007,Zielona Góra,cena transakcyjna,4015.413864
III 2008,Białystok,cena ofertowa,5115
III 2008,Białystok,cena transakcyjna,5141
III 2008,Bydgoszcz,cena ofertowa,4959
III 2008,Bydgoszcz,cena transakcyjna,4670
III 2008,Gdańsk,cena ofertowa,8454
III 2008,Gdańsk,cena transakcyjna,7042
III 2008,Gdynia,cena ofertowa,7169
III 2008,Gdynia,cena transakcyjna,6694
III 2008,Katowice,cena ofertowa,6303.43
III 2008,Katowice,cena transakcyjna,5153.52
III 2008,Kielce,cena ofertowa,5395.875405
III 2008,Kielce,cena transakcyjna,4917.532282
III 2008,Kraków,cena ofertowa,8012
III 2008,Kraków,cena transakcyjna,7814
III 2008,Lublin,cena ofertowa,5170
III 2008,Lublin,cena transakcyjna,5073
III 2008,Łódź,cena ofertowa,5480
III 2008,Łódź,cena transakcyjna,5214
III 2008,Olsztyn,cena ofertowa,4924
III 2008,Olsztyn,cena transakcyjna,4524
III 2008,Opole,cena ofertowa,4943.045505
III 2008,Opole,cena transakcyjna,3916.197632
III 2008,Poznań,cena ofertowa,7320.217572
III 2008,Poznań,cena transakcyjna,6854.370645
III 2008,Rzeszów,cena ofertowa,4433
III 2008,Rzeszów,cena transakcyjna,3947
III 2008,Szczecin,cena ofertowa,5520.665844
III 2008,Szczecin,cena transakcyjna,5454.726938
III 2008,Warszawa,cena ofertowa,9235
III 2008,Warszawa,cena transakcyjna,8325
III 2008,Wrocław,cena ofertowa,5704.481422
III 2008,Wrocław,cena transakcyjna,5891
III 2008,Zielona Góra,cena ofertowa,4012.366509
III 2008,Zielona Góra,cena transakcyjna,3892.244376
III 2009,Białystok,cena ofertowa,4925
III 2009,Białystok,cena transakcyjna,4787
III 2009,Bydgoszcz,cena ofertowa,4920
III 2009,Bydgoszcz,cena transakcyjna,4757
III 2009,Gdańsk,cena ofertowa,6096
III 2009,Gdańsk,cena transakcyjna,5804
III 2009,Gdynia,cena ofertowa,6294
III 2009,Gdynia,cena transakcyjna,5504
III 2009,Katowice,cena ofertowa,5990
III 2009,Katowice,cena transakcyjna,4524
III 2009,Kielce,cena ofertowa,5121.857739
III 2009,Kielce,cena transakcyjna,4678.348467
III 2009,Kraków,cena ofertowa,7631
III 2009,Kraków,cena transakcyjna,6866
III 2009,Lublin,cena ofertowa,5329
III 2009,Lublin,cena transakcyjna,4437
III 2009,Łódź,cena ofertowa,5255
III 2009,Łódź,cena transakcyjna,4755
III 2009,Olsztyn,cena ofertowa,4496
III 2009,Olsztyn,cena transakcyjna,4297
III 2009,Opole,cena ofertowa,5082.903567
III 2009,Opole,cena transakcyjna,3669.26368
III 2009,Poznań,cena ofertowa,7029.869491
III 2009,Poznań,cena transakcyjna,6145.965107
III 2009,Rzeszów,cena ofertowa,3742
III 2009,Rzeszów,cena transakcyjna,3969
III 2009,Szczecin,cena ofertowa,5181.476071
III 2009,Szczecin,cena transakcyjna,5406.036513
III 2009,Warszawa,cena ofertowa,9992.960622
III 2009,Warszawa,cena transakcyjna,7585.235697
III 2009,Wrocław,cena ofertowa,5362
III 2009,Wrocław,cena transakcyjna,5105
III 2009,Zielona Góra,cena ofertowa,3571
III 2009,Zielona Góra,cena transakcyjna,3500
III 2010,Białystok,cena ofertowa,4790
III 2010,Białystok,cena transakcyjna,4732
III 2010,Bydgoszcz,cena ofertowa,5036
III 2010,Bydgoszcz,cena transakcyjna,4954
III 2010,Gdańsk,cena ofertowa,5456.091178
III 2010,Gdańsk,cena transakcyjna,5272.049377
III 2010,Gdynia,cena ofertowa,6030
III 2010,Gdynia,cena transakcyjna,5460.652439
III 2010,Katowice,cena ofertowa,6420
III 2010,Katowice,cena transakcyjna,5071
III 2010,Kielce,cena ofertowa,4944.53397
III 2010,Kielce,cena transakcyjna,4523.102075
III 2010,Kraków,cena ofertowa,7526
III 2010,Kraków,cena transakcyjna,6834
III 2010,Lublin,cena ofertowa,5002
III 2010,Lublin,cena transakcyjna,4821
III 2010,Łódź,cena ofertowa,5367
III 2010,Łódź,cena transakcyjna,4936
III 2010,Olsztyn,cena ofertowa,5100
III 2010,Olsztyn,cena transakcyjna,5025
III 2010,Opole,cena ofertowa,5429.243738
III 2010,Opole,cena transakcyjna,4053.832676
III 2010,Poznań,cena ofertowa,6599.816961
III 2010,Poznań,cena transakcyjna,6303.847288
III 2010,Rzeszów,cena ofertowa,4305
III 2010,Rzeszów,cena transakcyjna,4191
III 2010,Szczecin,cena ofertowa,4983.137944
III 2010,Szczecin,cena transakcyjna,4840.468963
III 2010,Warszawa,cena ofertowa,8294.768957
III 2010,Warszawa,cena transakcyjna,7940.206331
III 2010,Wrocław,cena ofertowa,6231
III 2010,Wrocław,cena transakcyjna,5614
III 2010,Zielona Góra,cena ofertowa,3628
III 2010,Zielona Góra,cena transakcyjna,3563
III 2011,Białystok,cena ofertowa,4828
III 2011,Białystok,cena transakcyjna,4843
III 2011,Bydgoszcz,cena ofertowa,4841
III 2011,Bydgoszcz,cena transakcyjna,4575
III 2011,Gdańsk,cena ofertowa,5804
III 2011,Gdańsk,cena transakcyjna,5479
III 2011,Gdynia,cena ofertowa,6344
III 2011,Gdynia,cena transakcyjna,6430
III 2011,Katowice,cena ofertowa,5451
III 2011,Katowice,cena transakcyjna,4697
III 2011,Kielce,cena ofertowa,4866.774709
III 2011,Kielce,cena transakcyjna,4803.884376
III 2011,Kraków,cena ofertowa,7061
III 2011,Kraków,cena transakcyjna,6958
III 2011,Lublin,cena ofertowa,5121
III 2011,Lublin,cena transakcyjna,5133
III 2011,Łódź,cena ofertowa,5101
III 2011,Łódź,cena transakcyjna,4907
III 2011,Olsztyn,cena ofertowa,4920
III 2011,Olsztyn,cena transakcyjna,4942
III 2011,Opole,cena ofertowa,4839.483666
III 2011,Opole,cena transakcyjna,4726.363727
III 2011,Poznań,cena ofertowa,6286.103724
III 2011,Poznań,cena transakcyjna,6155.14173
III 2011,Rzeszów,cena ofertowa,4283
III 2011,Rzeszów,cena transakcyjna,4178
III 2011,Szczecin,cena ofertowa,5017
III 2011,Szczecin,cena transakcyjna,5048
III 2011,Warszawa,cena ofertowa,8025.110844
III 2011,Warszawa,cena transakcyjna,7422.746065
III 2011,Wrocław,cena ofertowa,6388
III 2011,Wrocław,cena transakcyjna,6098
III 2011,Zielona Góra,cena ofertowa,3757
III 2011,Zielona Góra,cena transakcyjna,3679
III 2012,Białystok,cena ofertowa,5011
III 2012,Białystok,cena transakcyjna,4507
III 2012,Bydgoszcz,cena ofertowa,4859
III 2012,Bydgoszcz,cena transakcyjna,4502
III 2012,Gdańsk,cena ofertowa,6475
III 2012,Gdańsk,cena transakcyjna,5554.577855
III 2012,Gdynia,cena ofertowa,6278.626591
III 2012,Gdynia,cena transakcyjna,6439.355877
III 2012,Katowice,cena ofertowa,5411.423281
III 2012,Katowice,cena transakcyjna,5003.604829
III 2012,Kielce,cena ofertowa,5219.014369
III 2012,Kielce,cena transakcyjna,5160.697559
III 2012,Kraków,cena ofertowa,6893.044091
III 2012,Kraków,cena transakcyjna,6710.523506
III 2012,Lublin,cena ofertowa,5111
III 2012,Lublin,cena transakcyjna,4864
III 2012,Łódź,cena ofertowa,4969
III 2012,Łódź,cena transakcyjna,4473
III 2012,Olsztyn,cena ofertowa,4840
III 2012,Olsztyn,cena transakcyjna,4480
III 2012,Opole,cena ofertowa,4828.528614
III 2012,Opole,cena transakcyjna,4428.306471
III 2012,Poznań,cena ofertowa,6160.990375
III 2012,Poznań,cena transakcyjna,5978.397532
III 2012,Rzeszów,cena ofertowa,4507
III 2012,Rzeszów,cena transakcyjna,4496
III 2012,Szczecin,cena ofertowa,4981.844887
III 2012,Szczecin,cena transakcyjna,4759.431291
III 2012,Warszawa,cena ofertowa,7874.934938
III 2012,Warszawa,cena transakcyjna,6756.710121
III 2012,Wrocław,cena ofertowa,6267
III 2012,Wrocław,cena transakcyjna,5521
III 2012,Zielona Góra,cena ofertowa,3744
III 2012,Zielona Góra,cena transakcyjna,3673
III 2013,Białystok,cena ofertowa,4949
III 2013,Białystok,cena transakcyjna,4526
III 2013,Bydgoszcz,cena ofertowa,5185
III 2013,Bydgoszcz,cena transakcyjna,4896
III 2013,Gdańsk,cena ofertowa,6397.896552
III 2013,Gdańsk,cena transakcyjna,5794.389078
III 2013,Gdynia,cena ofertowa,6824.496014
III 2013,Gdynia,cena transakcyjna,6646.396466
III 2013,Katowice,cena ofertowa,5897.766456
III 2013,Katowice,cena transakcyjna,4670.342903
III 2013,Kielce,cena ofertowa,4883.549743
III 2013,Kielce,cena transakcyjna,4717.680351
III 2013,Kraków,cena ofertowa,6071.463798
III 2013,Kraków,cena transakcyjna,5895.29829
III 2013,Lublin,cena ofertowa,5140
III 2013,Lublin,cena transakcyjna,4770
III 2013,Łódź,cena ofertowa,4780
III 2013,Łódź,cena transakcyjna,4388
III 2013,Olsztyn,cena ofertowa,4887.777
III 2013,Olsztyn,cena transakcyjna,4583.766
III 2013,Opole,cena ofertowa,4674.422429
III 2013,Opole,cena transakcyjna,4616.53108
III 2013,Poznań,cena ofertowa,6341.773667
III 2013,Poznań,cena transakcyjna,5913.432943
III 2013,Rzeszów,cena ofertowa,5148
III 2013,Rzeszów,cena transakcyjna,4680
III 2013,Szczecin,cena ofertowa,4827.823417
III 2013,Szczecin,cena transakcyjna,4443.709902
III 2013,Warszawa,cena ofertowa,8145.839738
III 2013,Warszawa,cena transakcyjna,7172.740615
III 2013,Wrocław,cena ofertowa,5997
III 2013,Wrocław,cena transakcyjna,5605
III 2013,Zielona Góra,cena ofertowa,3613
III 2013,Zielona Góra,cena transakcyjna,3606
III 2014,Białystok,cena ofertowa,4885
III 2014,Białystok,cena transakcyjna,4431
III 2014,Bydgoszcz,cena ofertowa,5100
III 2014,Bydgoszcz,cena transakcyjna,4797
III 2014,Gdańsk,cena ofertowa,6074
III 2014,Gdańsk,cena transakcyjna,5805
III 2014,Gdynia,cena ofertowa,6328.332147
III 2014,Gdynia,cena transakcyjna,6036.681099
III 2014,Katowice,cena ofertowa,5397.031063
III 2014,Katowice,cena transakcyjna,5015.422863
III 2014,Kielce,cena ofertowa,4767.404433
III 2014,Kielce,cena transakcyjna,4577.564755
III 2014,Kraków,cena ofertowa,6214.309634
III 2014,Kraków,cena transakcyjna,5970.209272
III 2014,Lublin,cena ofertowa,4922
III 2014,Lublin,cena transakcyjna,4843
III 2014,Łódź,cena ofertowa,4932
III 2014,Łódź,cena transakcyjna,4661
III 2014,Olsztyn,cena ofertowa,4950.982
III 2014,Olsztyn,cena transakcyjna,4731.024
III 2014,Opole,cena ofertowa,4730.889147
III 2014,Opole,cena transakcyjna,4608.712055
III 2014,Poznań,cena ofertowa,6551.987411
III 2014,Poznań,cena transakcyjna,6022.054271
III 2014,Rzeszów,cena ofertowa,5040
III 2014,Rzeszów,cena transakcyjna,4649
III 2014,Szczecin,cena ofertowa,4867.159417
III 2014,Szczecin,cena transakcyjna,4742.165867
III 2014,Warszawa,cena ofertowa,7819.356025
III 2014,Warszawa,cena transakcyjna,7445.527182
III 2014,Wrocław,cena ofertowa,6050
III 2014,Wrocław,cena transakcyjna,5921
III 2014,Zielona Góra,cena ofertowa,3769
III 2014,Zielona Góra,cena transakcyjna,3736
III 2015,Białystok,cena ofertowa,4790
III 2015,Białystok,cena transakcyjna,4613
III 2015,Bydgoszcz,cena ofertowa,5121
III 2015,Bydgoszcz,cena transakcyjna,4745
III 2015,Gdańsk,cena ofertowa,6416.414482
III 2015,Gdańsk,cena transakcyjna,6089.023901
III 2015,Gdynia,cena ofertowa,6583.925767
III 2015,Gdynia,cena transakcyjna,6710.131466
III 2015,Katowice,cena ofertowa,5509.348811
III 2015,Katowice,cena transakcyjna,5003.394397
III 2015,Kielce,cena ofertowa,4782.548944
III 2015,Kielce,cena transakcyjna,4548.784498
III 2015,Kraków,cena ofertowa,6658
III 2015,Kraków,cena transakcyjna,6311.502168
III 2015,Lublin,cena ofertowa,5108
III 2015,Lublin,cena transakcyjna,5017
III 2015,Łódź,cena ofertowa,4881
III 2015,Łódź,cena transakcyjna,4676
III 2015,Olsztyn,cena ofertowa,4774.565
III 2015,Olsztyn,cena transakcyjna,4646.312
III 2015,Opole,cena ofertowa,4781.357829
III 2015,Opole,cena transakcyjna,4496.875867
III 2015,Poznań,cena ofertowa,6482.168237
III 2015,Poznań,cena transakcyjna,6228.153566
III 2015,Rzeszów,cena ofertowa,5038
III 2015,Rzeszów,cena transakcyjna,4596
III 2015,Szczecin,cena ofertowa,4859.808385
III 2015,Szczecin,cena transakcyjna,4700.008984
III 2015,Warszawa,cena ofertowa,7807.028089
III 2015,Warszawa,cena transakcyjna,7557.10591
III 2015,Wrocław,cena ofertowa,6135
III 2015,Wrocław,cena transakcyjna,6044
III 2015,Zielona Góra,cena ofertowa,3835
III 2015,Zielona Góra,cena transakcyjna,3749
III 2016,Białystok,cena ofertowa,4684
III 2016,Białystok,cena transakcyjna,4596
III 2016,Bydgoszcz,cena ofertowa,5246
III 2016,Bydgoszcz,cena transakcyjna,4954
III 2016,Gdańsk,cena ofertowa,6535.657037
III 2016,Gdańsk,cena transakcyjna,6283.464884
III 2016,Gdynia,cena ofertowa,6948.962431
III 2016,Gdynia,cena transakcyjna,6630.784716
III 2016,Katowice,cena ofertowa,5365.416333
III 2016,Katowice,cena transakcyjna,5172.911056
III 2016,Kielce,cena ofertowa,4685.500338
III 2016,Kielce,cena transakcyjna,4581.252848
III 2016,Kraków,cena ofertowa,6525.678267
III 2016,Kraków,cena transakcyjna,6298.207394
III 2016,Lublin,cena ofertowa,5244
III 2016,Lublin,cena transakcyjna,4976
III 2016,Łódź,cena ofertowa,4900
III 2016,Łódź,cena transakcyjna,4727
III 2016,Olsztyn,cena ofertowa,5250
III 2016,Olsztyn,cena transakcyjna,5042
III 2016,Opole,cena ofertowa,4488.19714
III 2016,Opole,cena transakcyjna,4601.695779
III 2016,Poznań,cena ofertowa,6452.875613
III 2016,Poznań,cena transakcyjna,6149.740308
III 2016,Rzeszów,cena ofertowa,4952
III 2016,Rzeszów,cena transakcyjna,5019
III 2016,Szczecin,cena ofertowa,4876.01181
III 2016,Szczecin,cena transakcyjna,4828.812025
III 2016,Warszawa,cena ofertowa,7771.718118
III 2016,Warszawa,cena transakcyjna,7696.128493
III 2016,Wrocław,cena ofertowa,6335
III 2016,Wrocław,cena transakcyjna,6162
III 2016,Zielona Góra,cena ofertowa,3880
III 2016,Zielona Góra,cena transakcyjna,3836
III 2017,Białystok,cena ofertowa,5096
III 2017,Białystok,cena transakcyjna,4463
III 2017,Bydgoszcz,cena ofertowa,6028
III 2017,Bydgoszcz,cena transakcyjna,5330
III 2017,Gdańsk,cena ofertowa,7329.19579
III 2017,Gdańsk,cena transakcyjna,6816.26096
III 2017,Gdynia,cena ofertowa,7258.821023
III 2017,Gdynia,cena transakcyjna,7174.530463
III 2017,Katowice,cena ofertowa,5438.574466
III 2017,Katowice,cena transakcyjna,5226.45483
III 2017,Kielce,cena ofertowa,4779.658392
III 2017,Kielce,cena transakcyjna,4546.893628
III 2017,Kraków,cena ofertowa,6931.476461
III 2017,Kraków,cena transakcyjna,6810.247591
III 2017,Lublin,cena ofertowa,5134
III 2017,Lublin,cena transakcyjna,5243
III 2017,Łódź,cena ofertowa,5147
III 2017,Łódź,cena transakcyjna,4911
III 2017,Olsztyn,cena ofertowa,5449.56
III 2017,Olsztyn,cena transakcyjna,4929.41
III 2017,Opole,cena ofertowa,4759.398531
III 2017,Opole,cena transakcyjna,4759.487788
III 2017,Poznań,cena ofertowa,6479.397335
III 2017,Poznań,cena transakcyjna,6378.945993
III 2017,Rzeszów,cena ofertowa,4990
III 2017,Rzeszów,cena transakcyjna,4962
III 2017,Szczecin,cena ofertowa,5749.575288
III 2017,Szczecin,cena transakcyjna,5397.139447
III 2017,Warszawa,cena ofertowa,7788.432381
III 2017,Warszawa,cena transakcyjna,7819.855952
III 2017,Wrocław,cena ofertowa,6390
III 2017,Wrocław,cena transakcyjna,6433
III 2017,Zielona Góra,cena ofertowa,3922
III 2017,Zielona Góra,cena transakcyjna,3861
IV 2006,Białystok,cena ofertowa,2727
IV 2007,Białystok,cena ofertowa,4995
IV 2007,Białystok,cena transakcyjna,5079
IV 2007,Bydgoszcz,cena ofertowa,3947
IV 2007,Bydgoszcz,cena ofertowa,4829
IV 2007,Bydgoszcz,cena transakcyjna,4582
IV 2007,Gdańsk,cena ofertowa,7402
IV 2007,Gdańsk,cena transakcyjna,6294
IV 2007,Gdynia,cena ofertowa,7887
IV 2007,Gdynia,cena transakcyjna,7495
IV 2007,Katowice,cena ofertowa,6457.54
IV 2007,Katowice,cena transakcyjna,5717.63
IV 2007,Kielce,cena ofertowa,4475.155576
IV 2007,Kielce,cena transakcyjna,4629.101108
IV 2007,Kraków,cena ofertowa,8355
IV 2007,Kraków,cena transakcyjna,7985
IV 2007,Lublin,cena ofertowa,5047
IV 2007,Lublin,cena transakcyjna,4597
IV 2007,Łódź,cena ofertowa,5062
IV 2007,Łódź,cena transakcyjna,5076
IV 2007,Olsztyn,cena ofertowa,4900
IV 2007,Olsztyn,cena transakcyjna,3806
IV 2007,Opole,cena ofertowa,4937.434137
IV 2007,Opole,cena transakcyjna,4441.739988
IV 2007,Poznań,cena ofertowa,7563.710226
IV 2007,Poznań,cena transakcyjna,6865.071818
IV 2007,Rzeszów,cena ofertowa,4357
IV 2007,Rzeszów,cena transakcyjna,4365
IV 2007,Szczecin,cena ofertowa,5731.136188
IV 2007,Szczecin,cena transakcyjna,4697.024137
IV 2007,Warszawa,cena ofertowa,9561
IV 2007,Warszawa,cena transakcyjna,8571
IV 2007,Wrocław,cena ofertowa,5495.13631
IV 2007,Wrocław,cena transakcyjna,5625
IV 2007,Zielona Góra,cena ofertowa,3965.476807
IV 2007,Zielona Góra,cena transakcyjna,3822.867291
IV 2008,Białystok,cena ofertowa,4725
IV 2008,Białystok,cena transakcyjna,5177
IV 2008,Bydgoszcz,cena ofertowa,4989
IV 2008,Bydgoszcz,cena transakcyjna,4749
IV 2008,Gdańsk,cena ofertowa,6199
IV 2008,Gdańsk,cena ofertowa,6609
IV 2008,Gdańsk,cena transakcyjna,6193
IV 2008,Gdynia,cena ofertowa,6342
IV 2008,Gdynia,cena transakcyjna,6384
IV 2008,Katowice,cena ofertowa,6676.96
IV 2008,Katowice,cena transakcyjna,5772.17
IV 2008,Kielce,cena ofertowa,5208.196857
IV 2008,Kielce,cena transakcyjna,4608.749919
IV 2008,Kraków,cena ofertowa,7751
IV 2008,Kraków,cena transakcyjna,7518
IV 2008,Lublin,cena ofertowa,5266
IV 2008,Lublin,cena transakcyjna,5217
IV 2008,Łódź,cena ofertowa,5329
IV 2008,Łódź,cena transakcyjna,5542
IV 2008,Olsztyn,cena ofertowa,4761
IV 2008,Olsztyn,cena transakcyjna,4353
IV 2008,Opole,cena ofertowa,4967.615537
IV 2008,Opole,cena transakcyjna,3765.311352
IV 2008,Poznań,cena ofertowa,7277.032245
IV 2008,Poznań,cena transakcyjna,6767.977342
IV 2008,Rzeszów,cena ofertowa,4069
IV 2008,Rzeszów,cena transakcyjna,4401
IV 2008,Szczecin,cena ofertowa,5469.042524
IV 2008,Szczecin,cena transakcyjna,5663.186169
IV 2008,Warszawa,cena ofertowa,9821
IV 2008,Warszawa,cena transakcyjna,8149
IV 2008,Wrocław,cena ofertowa,5027.138512
IV 2008,Wrocław,cena transakcyjna,5513
IV 2008,Zielona Góra,cena ofertowa,3891.690289
IV 2008,Zielona Góra,cena transakcyjna,3770.753075
IV 2009,Białystok,cena ofertowa,4830
IV 2009,Białystok,cena transakcyjna,4838
IV 2009,Bydgoszcz,cena ofertowa,4939
IV 2009,Bydgoszcz,cena transakcyjna,4694
IV 2009,Gdańsk,cena ofertowa,6179
IV 2009,Gdańsk,cena transakcyjna,5476
IV 2009,Gdynia,cena ofertowa,5284
IV 2009,Gdynia,cena ofertowa,6134
IV 2009,Gdynia,cena transakcyjna,5774
IV 2009,Katowice,cena ofertowa,5909
IV 2009,Katowice,cena transakcyjna,4866
IV 2009,Kielce,cena ofertowa,4978.293153
IV 2009,Kielce,cena transakcyjna,4778.483236
IV 2009,Kraków,cena ofertowa,7521
IV 2009,Kraków,cena transakcyjna,6981
IV 2009,Lublin,cena ofertowa,5287
IV 2009,Lublin,cena transakcyjna,4830
IV 2009,Łódź,cena ofertowa,5250
IV 2009,Łódź,cena transakcyjna,5275
IV 2009,Olsztyn,cena ofertowa,4913
IV 2009,Olsztyn,cena transakcyjna,4494
IV 2009,Opole,cena ofertowa,5223.491735
IV 2009,Opole,cena transakcyjna,3492.074298
IV 2009,Poznań,cena ofertowa,6725.227116
IV 2009,Poznań,cena transakcyjna,6129.590896
IV 2009,Rzeszów,cena ofertowa,4021
IV 2009,Rzeszów,cena transakcyjna,3843
IV 2009,Szczecin,cena ofertowa,4987.346628
IV 2009,Szczecin,cena transakcyjna,5056.837153
IV 2009,Warszawa,cena ofertowa,9915.277206
IV 2009,Warszawa,cena transakcyjna,7679.589222
IV 2009,Wrocław,cena ofertowa,5640
IV 2009,Wrocław,cena transakcyjna,5472
IV 2009,Zielona Góra,cena ofertowa,3530
IV 2009,Zielona Góra,cena transakcyjna,3459
IV 2010,Białystok,cena ofertowa,4778
IV 2010,Białystok,cena transakcyjna,4755
IV 2010,Bydgoszcz,cena ofertowa,4733
IV 2010,Bydgoszcz,cena transakcyjna,4606
IV 2010,Gdańsk,cena ofertowa,5577
IV 2010,Gdańsk,cena transakcyjna,5216
IV 2010,Gdynia,cena ofertowa,6327
IV 2010,Gdynia,cena transakcyjna,5617
IV 2010,Katowice,cena ofertowa,4062.31
IV 2010,Katowice,cena ofertowa,6085
IV 2010,Katowice,cena transakcyjna,4914
IV 2010,Kielce,cena ofertowa,4951.116727
IV 2010,Kielce,cena transakcyjna,4803.276778
IV 2010,Kraków,cena ofertowa,7564
IV 2010,Kraków,cena transakcyjna,6789
IV 2010,Lublin,cena ofertowa,5003
IV 2010,Lublin,cena transakcyjna,4819
IV 2010,Łódź,cena ofertowa,5215
IV 2010,Łódź,cena transakcyjna,4905
IV 2010,Olsztyn,cena ofertowa,5135
IV 2010,Olsztyn,cena transakcyjna,5010
IV 2010,Opole,cena ofertowa,5497.052124
IV 2010,Opole,cena transakcyjna,3816.673847
IV 2010,Poznań,cena ofertowa,6527.888331
IV 2010,Poznań,cena transakcyjna,6591.292701
IV 2010,Rzeszów,cena ofertowa,4254
IV 2010,Rzeszów,cena transakcyjna,4572
IV 2010,Szczecin,cena ofertowa,4959.416869
IV 2010,Szczecin,cena transakcyjna,4794.236618
IV 2010,Warszawa,cena ofertowa,8133.259354
IV 2010,Warszawa,cena transakcyjna,7440.556759
IV 2010,Wrocław,cena ofertowa,6342
IV 2010,Wrocław,cena transakcyjna,5735
IV 2010,Zielona Góra,cena ofertowa,3673
IV 2010,Zielona Góra,cena transakcyjna,3663
IV 2011,Białystok,cena ofertowa,4825
IV 2011,Białystok,cena transakcyjna,4601
IV 2011,Bydgoszcz,cena ofertowa,4880
IV 2011,Bydgoszcz,cena transakcyjna,4626
IV 2011,Gdańsk,cena ofertowa,5910
IV 2011,Gdańsk,cena transakcyjna,5506
IV 2011,Gdynia,cena ofertowa,6441.292638
IV 2011,Gdynia,cena transakcyjna,6313.129299
IV 2011,Katowice,cena ofertowa,5412.732734
IV 2011,Katowice,cena transakcyjna,4603.599668
IV 2011,Kielce,cena ofertowa,3492.617589
IV 2011,Kielce,cena ofertowa,4876.306415
IV 2011,Kielce,cena transakcyjna,4768.498926
IV 2011,Kraków,cena ofertowa,7039
IV 2011,Kraków,cena transakcyjna,6711
IV 2011,Lublin,cena ofertowa,5031
IV 2011,Lublin,cena transakcyjna,4644
IV 2011,Łódź,cena ofertowa,5038
IV 2011,Łódź,cena transakcyjna,4793
IV 2011,Olsztyn,cena ofertowa,4854
IV 2011,Olsztyn,cena transakcyjna,4703
IV 2011,Opole,cena ofertowa,4837.139128
IV 2011,Opole,cena transakcyjna,4675.772406
IV 2011,Poznań,cena ofertowa,6203.601386
IV 2011,Poznań,cena transakcyjna,6218.923224
IV 2011,Rzeszów,cena ofertowa,4271
IV 2011,Rzeszów,cena transakcyjna,4239
IV 2011,Szczecin,cena ofertowa,5000
IV 2011,Szczecin,cena transakcyjna,4847
IV 2011,Warszawa,cena ofertowa,7826.248644
IV 2011,Warszawa,cena transakcyjna,7225.681702
IV 2011,Wrocław,cena ofertowa,6370
IV 2011,Wrocław,cena transakcyjna,5720
IV 2011,Zielona Góra,cena ofertowa,3764
IV 2011,Zielona Góra,cena transakcyjna,3747
IV 2012,Białystok,cena ofertowa,4951
IV 2012,Białystok,cena transakcyjna,4357
IV 2012,Bydgoszcz,cena ofertowa,4787
IV 2012,Bydgoszcz,cena transakcyjna,4615
IV 2012,Gdańsk,cena ofertowa,6513.995835
IV 2012,Gdańsk,cena transakcyjna,5335.860958
IV 2012,Gdynia,cena ofertowa,6186.072692
IV 2012,Gdynia,cena transakcyjna,6002.137066
IV 2012,Katowice,cena ofertowa,5317.691757
IV 2012,Katowice,cena transakcyjna,5685.23043
IV 2012,Kielce,cena ofertowa,5109.780495
IV 2012,Kielce,cena transakcyjna,4515.760472
IV 2012,Kraków,cena ofertowa,7929
IV 2012,Kraków,cena ofertowa,6773.493746
IV 2012,Kraków,cena transakcyjna,6416.814134
IV 2012,Lublin,cena ofertowa,5043
IV 2012,Lublin,cena transakcyjna,4699
IV 2012,Łódź,cena ofertowa,4646
IV 2012,Łódź,cena transakcyjna,4536
IV 2012,Olsztyn,cena ofertowa,4595
IV 2012,Olsztyn,cena transakcyjna,4556
IV 2012,Opole,cena ofertowa,4828.525864
IV 2012,Opole,cena transakcyjna,4203.178877
IV 2012,Poznań,cena ofertowa,6130.552004
IV 2012,Poznań,cena transakcyjna,5338.923826
IV 2012,Rzeszów,cena ofertowa,4555
IV 2012,Rzeszów,cena transakcyjna,4407
IV 2012,Szczecin,cena ofertowa,4985.891367
IV 2012,Szczecin,cena transakcyjna,4567.484188
IV 2012,Warszawa,cena ofertowa,7695.079809
IV 2012,Warszawa,cena transakcyjna,6466.028356
IV 2012,Wrocław,cena ofertowa,6069
IV 2012,Wrocław,cena transakcyjna,5593
IV 2012,Zielona Góra,cena ofertowa,3653
IV 2012,Zielona Góra,cena transakcyjna,3691
IV 2013,Białystok,cena ofertowa,4938
IV 2013,Białystok,cena transakcyjna,4493
IV 2013,Bydgoszcz,cena ofertowa,5279
IV 2013,Bydgoszcz,cena transakcyjna,4528
IV 2013,Gdańsk,cena ofertowa,6568
IV 2013,Gdańsk,cena transakcyjna,6154.847039
IV 2013,Gdynia,cena ofertowa,6313.644507
IV 2013,Gdynia,cena transakcyjna,6003.475789
IV 2013,Katowice,cena ofertowa,5455.738289
IV 2013,Katowice,cena transakcyjna,4529.311796
IV 2013,Kielce,cena ofertowa,4882.119822
IV 2013,Kielce,cena transakcyjna,4651.074141
IV 2013,Kraków,cena ofertowa,6122.340669
IV 2013,Kraków,cena transakcyjna,5782.45488
IV 2013,Lublin,cena ofertowa,3314
IV 2013,Lublin,cena ofertowa,5017
IV 2013,Lublin,cena transakcyjna,4796
IV 2013,Łódź,cena ofertowa,4768
IV 2013,Łódź,cena transakcyjna,4423
IV 2013,Olsztyn,cena ofertowa,4898.646
IV 2013,Olsztyn,cena transakcyjna,4526.105
IV 2013,Opole,cena ofertowa,4426.262859
IV 2013,Opole,cena transakcyjna,4638.233079
IV 2013,Poznań,cena ofertowa,6417.455132
IV 2013,Poznań,cena transakcyjna,5867.854568
IV 2013,Rzeszów,cena ofertowa,5102
IV 2013,Rzeszów,cena transakcyjna,4821
IV 2013,Szczecin,cena ofertowa,4895.961521
IV 2013,Szczecin,cena transakcyjna,4741.504588
IV 2013,Warszawa,cena ofertowa,8088.267196
IV 2013,Warszawa,cena transakcyjna,7427.495038
IV 2013,Wrocław,cena ofertowa,5928
IV 2013,Wrocław,cena transakcyjna,5693
IV 2013,Zielona Góra,cena ofertowa,3674
IV 2013,Zielona Góra,cena transakcyjna,3625
IV 2014,Białystok,cena ofertowa,4909
IV 2014,Białystok,cena transakcyjna,4570
IV 2014,Bydgoszcz,cena ofertowa,5149
IV 2014,Bydgoszcz,cena transakcyjna,4618
IV 2014,Gdańsk,cena ofertowa,6289.228883
IV 2014,Gdańsk,cena transakcyjna,5785.164605
IV 2014,Gdynia,cena ofertowa,6004.743866
IV 2014,Gdynia,cena transakcyjna,5877.1407
IV 2014,Katowice,cena ofertowa,5544.663594
IV 2014,Katowice,cena transakcyjna,4906.688437
IV 2014,Kielce,cena ofertowa,4750.275216
IV 2014,Kielce,cena transakcyjna,4601.542915
IV 2014,Kraków,cena ofertowa,6491.090375
IV 2014,Kraków,cena transakcyjna,5722.171748
IV 2014,Lublin,cena ofertowa,5005
IV 2014,Lublin,cena transakcyjna,4967
IV 2014,Łódź,cena ofertowa,4237
IV 2014,Łódź,cena ofertowa,4861
IV 2014,Łódź,cena transakcyjna,4656
IV 2014,Olsztyn,cena ofertowa,4953.766
IV 2014,Olsztyn,cena transakcyjna,4769.065
IV 2014,Opole,cena ofertowa,4771.918808
IV 2014,Opole,cena transakcyjna,4650.830749
IV 2014,Poznań,cena ofertowa,6546.295554
IV 2014,Poznań,cena transakcyjna,6225.140501
IV 2014,Rzeszów,cena ofertowa,5034
IV 2014,Rzeszów,cena transakcyjna,4709
IV 2014,Szczecin,cena ofertowa,4873.605835
IV 2014,Szczecin,cena transakcyjna,4839.431734
IV 2014,Warszawa,cena ofertowa,7691.358071
IV 2014,Warszawa,cena transakcyjna,7314.723077
IV 2014,Wrocław,cena ofertowa,6075
IV 2014,Wrocław,cena transakcyjna,5793
IV 2014,Zielona Góra,cena ofertowa,3784
IV 2014,Zielona Góra,cena transakcyjna,3750
IV 2015,Białystok,cena ofertowa,4886
IV 2015,Białystok,cena transakcyjna,4519
IV 2015,Bydgoszcz,cena ofertowa,5088
IV 2015,Bydgoszcz,cena transakcyjna,4819
IV 2015,Gdańsk,cena ofertowa,6487.950391
IV 2015,Gdańsk,cena transakcyjna,6030.863083
IV 2015,Gdynia,cena ofertowa,6264.550361
IV 2015,Gdynia,cena transakcyjna,6333.692414
IV 2015,Katowice,cena ofertowa,5511.275502
IV 2015,Katowice,cena transakcyjna,5048.501745
IV 2015,Kielce,cena ofertowa,4878.024031
IV 2015,Kielce,cena transakcyjna,4619.943713
IV 2015,Kraków,cena ofertowa,6524.534146
IV 2015,Kraków,cena transakcyjna,6357.267456
IV 2015,Lublin,cena ofertowa,5172
IV 2015,Lublin,cena transakcyjna,4913
IV 2015,Łódź,cena ofertowa,4831
IV 2015,Łódź,cena transakcyjna,4697
IV 2015,Olsztyn,cena ofertowa,4800
IV 2015,Olsztyn,cena ofertowa,4867.796
IV 2015,Olsztyn,cena transakcyjna,4768.461
IV 2015,Opole,cena ofertowa,4597.763343
IV 2015,Opole,cena transakcyjna,4377.030778
IV 2015,Poznań,cena ofertowa,6511.799893
IV 2015,Poznań,cena transakcyjna,6234.407476
IV 2015,Rzeszów,cena ofertowa,5126
IV 2015,Rzeszów,cena transakcyjna,4868
IV 2015,Szczecin,cena ofertowa,4828.881404
IV 2015,Szczecin,cena transakcyjna,4644.15698
IV 2015,Warszawa,cena ofertowa,7788.873947
IV 2015,Warszawa,cena transakcyjna,7461.922544
IV 2015,Wrocław,cena ofertowa,6245
IV 2015,Wrocław,cena transakcyjna,6109
IV 2015,Zielona Góra,cena ofertowa,3870
IV 2015,Zielona Góra,cena transakcyjna,3785
IV 2016,Białystok,cena ofertowa,4707
IV 2016,Białystok,cena transakcyjna,4505
IV 2016,Bydgoszcz,cena ofertowa,5250
IV 2016,Bydgoszcz,cena transakcyjna,4852
IV 2016,Gdańsk,cena ofertowa,6549.534791
IV 2016,Gdańsk,cena transakcyjna,6481.188639
IV 2016,Gdynia,cena ofertowa,6841.708524
IV 2016,Gdynia,cena transakcyjna,6975.271902
IV 2016,Katowice,cena ofertowa,5293.116207
IV 2016,Katowice,cena transakcyjna,5037.853819
IV 2016,Kielce,cena ofertowa,4679.415995
IV 2016,Kielce,cena transakcyjna,4558.990677
IV 2016,Kraków,cena ofertowa,6787.601345
IV 2016,Kraków,cena transakcyjna,6469.252258
IV 2016,Lublin,cena ofertowa,5202
IV 2016,Lublin,cena transakcyjna,5212
IV 2016,Łódź,cena ofertowa,5110
IV 2016,Łódź,cena transakcyjna,4850
IV 2016,Olsztyn,cena ofertowa,5629
IV 2016,Olsztyn,cena transakcyjna,5022
IV 2016,Opole,cena ofertowa,
IV 2016,Opole,cena ofertowa,4635.477916
IV 2016,Opole,cena transakcyjna,4538.049221
IV 2016,Poznań,cena ofertowa,6402.75587
IV 2016,Poznań,cena transakcyjna,6285.4909
IV 2016,Rzeszów,cena ofertowa,4842
IV 2016,Rzeszów,cena transakcyjna,5036
IV 2016,Szczecin,cena ofertowa,4880.918051
IV 2016,Szczecin,cena transakcyjna,4830.132243
IV 2016,Warszawa,cena ofertowa,7638.064611
IV 2016,Warszawa,cena transakcyjna,7686.00209
IV 2016,Wrocław,cena ofertowa,6443
IV 2016,Wrocław,cena transakcyjna,6163
IV 2016,Zielona Góra,cena ofertowa,3891
IV 2016,Zielona Góra,cena transakcyjna,3858
IV 2017,Białystok,cena ofertowa,5066
IV 2017,Białystok,cena transakcyjna,4587
IV 2017,Bydgoszcz,cena ofertowa,6041
IV 2017,Bydgoszcz,cena transakcyjna,5177
IV 2017,Gdańsk,cena ofertowa,7370.844583
IV 2017,Gdańsk,cena transakcyjna,6829.488041
IV 2017,Gdynia,cena ofertowa,7954.689089
IV 2017,Gdynia,cena transakcyjna,6901.968757
IV 2017,Katowice,cena ofertowa,5479.364502
IV 2017,Katowice,cena transakcyjna,5266.250419
IV 2017,Kielce,cena ofertowa,4761.515021
IV 2017,Kielce,cena transakcyjna,4689.069236
IV 2017,Kraków,cena ofertowa,6973.830373
IV 2017,Kraków,cena transakcyjna,6790.616267
IV 2017,Lublin,cena ofertowa,5209
IV 2017,Lublin,cena transakcyjna,5093
IV 2017,Łódź,cena ofertowa,5332
IV 2017,Łódź,cena transakcyjna,5148
IV 2017,Olsztyn,cena ofertowa,5575.18
IV 2017,Olsztyn,cena transakcyjna,5386.75
IV 2017,Opole,cena ofertowa,4864.122452
IV 2017,Opole,cena transakcyjna,4796.504667
IV 2017,Poznań,cena ofertowa,4827.2275
IV 2017,Poznań,cena ofertowa,6550.619345
IV 2017,Poznań,cena transakcyjna,6351.831607
IV 2017,Rzeszów,cena ofertowa,4992
IV 2017,Rzeszów,cena transakcyjna,4842
IV 2017,Szczecin,cena ofertowa,5572.614554
IV 2017,Szczecin,cena transakcyjna,5436.478458
IV 2017,Warszawa,cena ofertowa,8019.756102
IV 2017,Warszawa,cena transakcyjna,7750.880271
IV 2017,Wrocław,cena ofertowa,6526.141896
IV 2017,Wrocław,cena transakcyjna,6389
IV 2017,Zielona Góra,cena ofertowa,3937
IV 2017,Zielona Góra,cena transakcyjna,3873
IV 2018,Rzeszów,cena ofertowa,3401
IV 2019,Szczecin,cena ofertowa,3679.123336
IV 2020,Warszawa,cena ofertowa,6095
IV 2021,Wrocław,cena ofertowa,5759
IV 2022,Zielona Góra,cena ofertowa,2869.297734
IV 2023,Białystok,cena transakcyjna,3117
IV 2024,Bydgoszcz,cena transakcyjna,2811
IV 2025,Gdańsk,cena transakcyjna,5252
IV 2026,Gdynia,cena transakcyjna,5284
IV 2027,Katowice,cena transakcyjna,3734.72
IV 2028,Kielce,cena transakcyjna,3014.090525
IV 2029,Kraków,cena transakcyjna,7089
IV 2030,Lublin,cena transakcyjna,3304
IV 2031,Łódź,cena transakcyjna,3642
IV 2032,Olsztyn,cena transakcyjna,2869
IV 2033,Opole,cena transakcyjna,3342.843092
IV 2034,Poznań,cena transakcyjna,4725.658134
IV 2035,Rzeszów,cena transakcyjna,3013
IV 2036,Szczecin,cena transakcyjna,3575.024357
IV 2037,Warszawa,cena transakcyjna,6186
IV 2038,Wrocław,cena transakcyjna,3777
IV 2039,Zielona Góra,cena transakcyjna,2768.751404